{"cameraMode":{"drawMode":0,"name":"Shaded","section":"Shading Mode"},"sceneLighting":false,"audioPlay":false,"sceneViewState":{"m_AlwaysRefresh":false,"showFog":true,"showSkybox":false,"showFlares":true,"showImageEffects":true,"showParticleSystems":true,"showVisualEffectGraphs":true,"m_FxEnabled":true},"in2DMode":false,"pivot":{"x":-2.682209014892578e-7,"y":-0.016755998134613038,"z":5.960464477539063e-8},"rotation":{"x":0.1495867222547531,"y":-0.1795620620250702,"z":0.027636192739009858,"w":0.971926212310791},"size":0.6230210065841675,"orthographic":false}