{"cameraMode":{"drawMode":0,"name":"Shaded","section":"Shading Mode"},"sceneLighting":false,"audioPlay":false,"sceneViewState":{"m_AlwaysRefresh":false,"showFog":true,"showSkybox":false,"showFlares":true,"showImageEffects":true,"showParticleSystems":true,"showVisualEffectGraphs":true,"m_FxEnabled":true},"in2DMode":false,"pivot":{"x":0.008760243654251099,"y":0.044388771057128909,"z":-3.725290298461914e-8},"rotation":{"x":0.15835639834403993,"y":-0.8347762227058411,"z":0.4267067611217499,"w":0.3099794089794159},"size":1.2317579984664918,"orthographic":false}