{"cameraMode":{"drawMode":0,"name":"Shaded","section":"Shading Mode"},"sceneLighting":false,"audioPlay":false,"sceneViewState":{"m_AlwaysRefresh":false,"showFog":true,"showSkybox":false,"showFlares":true,"showImageEffects":true,"showParticleSystems":true,"showVisualEffectGraphs":true,"m_FxEnabled":true},"in2DMode":false,"pivot":{"x":-0.05104149878025055,"y":0.03245902061462402,"z":-0.000005368143320083618},"rotation":{"x":0.17817182838916779,"y":-0.30742529034614565,"z":0.05868089199066162,"w":0.9329254627227783},"size":0.6128544807434082,"orthographic":false}