{"cameraMode":{"drawMode":0,"name":"Shaded","section":"Shading Mode"},"sceneLighting":false,"audioPlay":false,"sceneViewState":{"m_AlwaysRefresh":false,"showFog":true,"showSkybox":false,"showFlares":true,"showImageEffects":true,"showParticleSystems":true,"showVisualEffectGraphs":true,"m_FxEnabled":false},"in2DMode":false,"pivot":{"x":9.34363842010498,"y":-0.27801379561424258,"z":5.210217475891113},"rotation":{"x":0.16760464012622834,"y":0.11213439702987671,"z":-0.019219182431697847,"w":0.9793480634689331},"size":7.5048675537109379,"orthographic":false}