{"cameraMode":{"drawMode":0,"name":"Shaded","section":"Shading Mode"},"sceneLighting":false,"audioPlay":false,"sceneViewState":{"m_AlwaysRefresh":false,"showFog":true,"showSkybox":false,"showFlares":true,"showImageEffects":true,"showParticleSystems":true,"showVisualEffectGraphs":true,"m_FxEnabled":true},"in2DMode":false,"pivot":{"x":2.980232238769531e-7,"y":-2.384185791015625e-7,"z":-0.07159367203712464},"rotation":{"x":0.17817182838916779,"y":-0.30742529034614565,"z":0.05868089199066162,"w":0.9329254627227783},"size":0.5156133770942688,"orthographic":false}